datetime,open,high,low,close,volume
1477958400000.0,2099950.0,2100000.0,2099950.0,2100000.0,2.279
1478001600000.0,2115664.74,2115664.74,2115664.74,2115664.74,0.2033
1478044800000.0,2100541.0,2100541.0,2100541.0,2100541.0,0.3378
1478088000000.0,2200000.0,2200000.0,2200000.0,2200000.0,0.86243705
1478174400000.0,2250000.0,2250000.0,2026909.28,2038008.07,4.65866222
1478260800000.0,2173361.5,2192224.31,2001026.82,2192224.31,2.75667938
1478606400000.0,2040100.23,2041656.9,2021216.07,2030280.91,3.5169
1478692800000.0,2211234.0,2231104.84,2210000.0,2210000.0,2.52788905
1478736000000.0,2210750.0,2210750.0,2210750.0,2210750.0,0.00151
1478779200000.0,2120783.3,2120783.3,2110157.05,2110157.05,1.84292469
1478865600000.0,2130780.54,2230000.0,2124669.72,2124669.72,0.36734819
1479081600000.0,2101766.08,2101766.08,2099803.22,2099803.22,0.50251579
1479124800000.0,2200000.0,2200000.0,2200000.0,2200000.0,0.06738185
1479211200000.0,2150667.87,2150667.87,2150611.32,2150611.32,0.2378
1479297600000.0,2184261.73,2235052.94,2184261.73,2235052.94,0.1808
1479384000000.0,2239102.64,2239102.64,2224592.91,2230996.16,3.44
1479470400000.0,2279574.93,2288489.33,2279574.93,2288489.33,0.3571
1479556800000.0,2284452.34,2284452.34,2284452.34,2284452.34,0.0072
1479600000000.0,2298027.5,2298027.5,2298027.5,2298027.5,0.37
1479643200000.0,2284500.0,2284500.0,2253783.03,2253783.03,0.02
1479729600000.0,2320000.0,2320000.0,2219201.55,2219201.55,0.53022761
1479772800000.0,2349987.0,2349987.0,2349987.0,2349987.0,0.0
1479816000000.0,2349987.0,2401003.77,2238779.21,2258525.7,2.07002729
1479859200000.0,2254000.0,2254000.0,2220336.29,2220336.29,0.1341
1479988800000.0,2350500.0,2381810.46,2230000.0,2381810.46,8.01961162
1480032000000.0,2225000.0,2225000.0,2224536.52,2224536.52,0.0073
1480075200000.0,2365285.27,2381644.18,2365285.27,2381644.18,0.05048416
1480118400000.0,2243585.22,2243585.22,2243585.22,2243585.22,0.1359
1480161600000.0,2364874.96,2364874.96,2364874.96,2364874.96,0.03805698
1480204800000.0,2235724.0,2235724.0,2214311.73,2214311.73,0.03174079
1480248000000.0,2207314.92,2217528.8,2207314.92,2217528.8,0.0992
1480334400000.0,2203045.61,2207477.33,2203045.61,2207477.33,0.1119
1480377600000.0,2208024.36,2208024.36,2208024.36,2208024.36,0.027
1480420800000.0,2215636.53,2217000.0,2215636.53,2217000.0,0.0953
1480464000000.0,2210000.0,2211826.32,2207366.16,2211826.32,0.34476149
1480550400000.0,2177284.86,2177284.86,2177284.86,2177284.86,0.04510236
1480593600000.0,2216157.46,2216157.46,2209547.22,2209547.22,3.27
1480636800000.0,2241825.11,2258177.29,2241324.8,2241324.8,1.45184105
1480680000000.0,2264593.84,2325000.0,2264593.84,2283476.5,0.97516532
1480723200000.0,2324000.0,2399888.0,2324000.0,2399888.0,1.24566257
1480766400000.0,2242088.86,2243269.03,2242088.86,2243269.03,0.21723542
1480809600000.0,2241156.67,2241156.67,2241156.67,2241156.67,0.0118
1480939200000.0,2224050.0,2339020.33,2173640.8,2300000.0,1.57815877
1481025600000.0,2180000.0,2180000.0,2180000.0,2180000.0,0.0027
1481112000000.0,2181994.81,2337643.74,2180866.47,2337643.74,1.0718637
1481241600000.0,2195300.48,2195300.48,2195300.48,2195300.48,0.054
1481284800000.0,2360146.45,2360840.95,2213891.99,2214494.01,0.90324487
1481328000000.0,2221865.65,2221865.65,2221865.65,2221865.65,0.05882353
1481414400000.0,2225022.0,2225022.0,2225022.0,2225022.0,0.019
1481500800000.0,2232962.59,2232962.59,2228330.7,2228330.7,3.93
1481544000000.0,2364924.6,2369684.34,2227000.0,2369684.34,0.91478466
1481587200000.0,2247036.0,2247036.0,2247036.0,2247036.0,0.01
1481630400000.0,2230000.0,2230000.0,2230000.0,2230000.0,0.20056768
1481673600000.0,2230000.0,2230000.0,2230000.0,2230000.0,0.02
1481716800000.0,2342310.53,2342310.53,2230000.0,2230000.0,0.43197482
1481760000000.0,2230000.0,2230000.0,2230000.0,2230000.0,0.0011
1481803200000.0,2231133.56,2236803.15,2231133.56,2236726.27,2.92548856
1481889600000.0,2350000.0,2400698.0,2240000.0,2256562.43,2.02840672
1481932800000.0,2265252.81,2265252.81,2265252.81,2265252.81,0.1736
1482019200000.0,2277022.22,2277022.22,2277022.22,2277022.22,0.0089
1482105600000.0,2274500.0,2274500.0,2274500.0,2274500.0,0.0278
1482148800000.0,2274500.0,2285584.49,2274000.0,2282416.27,0.6933
1482192000000.0,2282000.0,2420000.0,2281000.0,2281000.0,0.31309769
1482235200000.0,2419500.0,2419500.0,2419500.0,2419500.0,0.1867137
1482278400000.0,2301000.0,2301000.0,2301000.0,2301000.0,0.053
1482321600000.0,2350000.0,2485000.0,2300152.0,2300152.0,2.70976055
1482408000000.0,2321000.0,2622046.19,2320000.0,2340000.0,1.32636585
1482494400000.0,2773217.86,2773977.68,2599634.23,2599634.23,0.9334382
1482537600000.0,2636000.0,2636000.0,2636000.0,2636000.0,0.36
1482667200000.0,2580000.0,2580000.0,2568307.05,2568307.05,0.5857
1482753600000.0,2599000.0,2781179.16,2599000.0,2781000.0,1.4953899
1482840000000.0,2680000.0,2700000.0,2680000.0,2700000.0,0.1496
1482883200000.0,2750000.0,2750000.0,2750000.0,2750000.0,0.01672471
1482926400000.0,2850000.0,3017563.09,2790000.0,3017563.09,4.59226025
1483012800000.0,2970166.79,2970166.79,2760000.0,2771987.54,0.40713886
1483099200000.0,2936705.23,2956189.79,2780000.0,2780000.0,0.30727506
1483358400000.0,2938977.94,3154815.13,2938977.94,2958024.01,0.46107852
1483401600000.0,3050000.0,3050000.0,2964001.0,2970000.0,0.23714262
1483444800000.0,2970000.0,3123566.11,2970000.0,3122990.7,2.23099724
1483488000000.0,2978638.4,3074144.15,2978638.4,3074144.15,0.5411
1483531200000.0,3150000.0,3380064.91,3125000.0,3380064.91,0.54033224
1483574400000.0,3390000.0,3390000.0,3250000.0,3250000.0,1.502503
1483617600000.0,2741204.68,3550000.0,2671425.51,3000000.0,2.31538183
1483660800000.0,3010000.0,3010000.0,3000000.0,3000000.0,1.22604321
1483704000000.0,2600000.0,3356000.0,2600000.0,3350000.0,1.18535773
1483747200000.0,2683992.9,3300000.0,2679502.06,3300000.0,0.04018524
1483790400000.0,2700000.0,3300000.0,2580000.0,2700000.0,1.17622234
1483876800000.0,2741770.47,2869000.0,2710000.0,2869000.0,0.01464641
1483920000000.0,2680000.0,2680000.0,2640000.0,2640000.0,0.1471
1483963200000.0,2650000.0,2650000.0,2640000.0,2640000.0,0.22313139
1484006400000.0,2660000.0,2660000.0,2557589.87,2557589.87,0.9572
1484049600000.0,2580000.0,2870000.0,2580000.0,2868000.0,0.79888198
1484092800000.0,2655000.0,2655000.0,2595881.45,2595881.45,0.11952664
1484136000000.0,2332263.4,3600000.0,2283124.89,3600000.0,4.71327863
1484179200000.0,2362001.0,2362001.0,2362001.0,2362001.0,0.03835257
1484222400000.0,3325000.0,3325000.0,2365000.0,2500000.0,2.0734798
1484265600000.0,2510000.0,2510000.0,2300000.0,2300000.0,0.8452
1484308800000.0,2938000.0,2939000.0,2400000.0,2744999.0,1.37401104
1484352000000.0,2457000.0,2457000.0,2432100.0,2432100.0,0.3701
1484395200000.0,2699000.0,2750000.0,2699000.0,2750000.0,0.36359589
1484438400000.0,2700000.0,2700000.0,2500000.0,2500000.0,0.0328009
1484481600000.0,2451000.0,2451000.0,2450000.0,2450000.0,0.43155583
1484524800000.0,2550000.0,2550000.0,2550000.0,2550000.0,0.105
1484568000000.0,2551000.0,3500000.0,2435001.0,2502000.0,5.18984332
1484611200000.0,2502000.0,2789999.0,2502000.0,2789999.0,0.28061834
1484654400000.0,2600000.0,2712980.0,2551982.0,2551982.0,0.61904772
1484740800000.0,2560273.0,2750000.0,2560273.0,2571000.0,0.30345454
1484827200000.0,2572002.0,2740529.38,2572002.0,2715682.72,2.57065708
1484870400000.0,2650000.0,2650000.0,2573500.0,2573500.0,0.10885
1484913600000.0,2573500.0,2694620.12,2573500.0,2573500.0,1.10094683
1485086400000.0,2635000.0,2635000.0,2635000.0,2635000.0,0.3795
1485172800000.0,2635000.0,2635000.0,2603440.25,2634548.15,1.27673034
1485216000000.0,2701456.62,2705508.8,2701456.62,2705508.8,0.332983
1485259200000.0,2630000.0,2630000.0,2500000.0,2552105.9,1.3071
1485302400000.0,2600000.0,2600000.0,2566665.58,2566665.58,0.2504218
1485345600000.0,2525227.31,2845000.0,2525227.31,2845000.0,0.30913386
1485388800000.0,2565401.6,2565401.6,2565401.6,2565401.6,0.0379
1485432000000.0,2616252.47,2623743.39,2616252.47,2617934.58,1.13194726
1485475200000.0,2635000.0,2635000.0,2611232.98,2611232.98,0.155
1485518400000.0,2630135.55,2630135.55,2627607.41,2628867.71,0.3191329
1485604800000.0,2626920.0,2626920.0,2626517.54,2626517.54,0.0363
1485691200000.0,2629000.0,2629000.0,2612473.21,2612473.21,0.4094
1485777600000.0,2621207.92,2700000.0,2621207.92,2700000.0,1.8626
1485950400000.0,2729837.89,2975000.0,2729837.89,2975000.0,0.33555832
1485993600000.0,2800000.0,2800000.0,2800000.0,2800000.0,0.0203
1486036800000.0,2800000.0,2931000.0,2787195.28,2931000.0,0.8278337
1486080000000.0,2919999.0,2919999.0,2885417.0,2885417.0,1.01545456
1486123200000.0,2829010.76,2931000.0,2822681.49,2931000.0,2.14819292
1486209600000.0,2821080.25,2879280.51,2815564.27,2879280.51,0.8762
1486252800000.0,2932370.0,2999999.0,2932370.0,2999999.0,0.03351368
1486296000000.0,2803597.37,2803597.37,2803367.12,2803367.12,0.365
1486339200000.0,2820121.57,2820121.57,2820121.57,2820121.57,0.107
1486382400000.0,2835609.72,2970000.0,2835609.72,2850070.41,1.27925186
1486425600000.0,2861041.28,2970000.0,2861041.28,2862157.24,0.17400087
1486468800000.0,2999999.0,2999999.0,2920760.73,2999999.0,0.56507483
1486512000000.0,2947786.76,2947786.76,2947786.76,2947786.76,0.01418573
1486555200000.0,2999998.0,3141745.95,2943772.81,3120851.8,0.61876446
1486598400000.0,2982633.16,2982633.16,2982633.16,2982633.16,0.1017
1486641600000.0,2900000.0,3100000.0,2800000.0,2863705.42,2.59861551
1486684800000.0,2750900.47,2750900.47,2750900.47,2750900.47,0.0013
1486728000000.0,2708400.15,2931741.49,2708400.15,2916974.67,0.50159074
1486771200000.0,2913779.24,2913779.24,2913779.24,2913779.24,0.27455751
1486814400000.0,2937589.2,2937589.2,2779638.74,2900000.0,0.0783991
1486900800000.0,2783895.0,2783895.0,2758992.02,2765633.36,0.5573
1486944000000.0,2781468.81,2781468.81,2731390.33,2747228.76,0.1422
1486987200000.0,2905961.0,3000000.0,2772152.02,2789045.25,5.12198989
1487030400000.0,2845727.18,2845727.18,2845727.18,2845727.18,0.0423
1487073600000.0,2920000.0,2977458.06,2839607.78,2900000.0,7.34771954
1487116800000.0,2900000.0,2900000.0,2900000.0,2900000.0,0.0949
1487160000000.0,2950000.0,2979900.0,2950000.0,2976536.67,1.63157562
1487203200000.0,2970000.0,2979900.0,2970000.0,2979900.0,0.17269723
1487246400000.0,2990000.0,3075017.49,2965000.0,3065000.0,1.96142038
1487289600000.0,3066883.13,3066883.13,3066883.13,3066883.13,0.00959138
1487332800000.0,3020000.0,3148956.59,3000487.6,3147185.34,5.30614612
1487419200000.0,3016226.6,3016226.6,2999313.18,2999313.18,0.97504047
1487592000000.0,2992000.0,3090000.0,2992000.0,3090000.0,0.2083
1487635200000.0,3110000.0,3216565.77,3081000.0,3145147.15,0.43281826
1487678400000.0,3214000.0,3299999.0,3180000.0,3299999.0,1.44074866
1487721600000.0,3190000.0,3190000.0,3190000.0,3190000.0,0.078
1487764800000.0,3190000.0,3348953.54,3190000.0,3348953.54,1.15786044
1487808000000.0,3221940.17,3221940.17,3221940.17,3221940.17,0.09
1487851200000.0,3340000.0,3436584.63,3273544.43,3436584.63,6.13665767
1487894400000.0,3350000.0,3371358.4,3350000.0,3371358.4,0.0339
1487937600000.0,3432041.97,3437733.67,3280000.0,3437500.0,1.15024669
1487980800000.0,3437500.0,3437733.67,3280000.0,3280000.0,0.21159749
1488024000000.0,3437733.67,3437733.67,3280000.0,3280000.0,0.31111612
1488067200000.0,3280000.0,3280000.0,3280000.0,3280000.0,0.003412
1488196800000.0,3280000.0,3500000.0,3280000.0,3499999.0,1.94778182
1488240000000.0,3499999.0,3500000.0,3499999.0,3500000.0,0.31758229
1488326400000.0,3520000.0,3578150.46,3520000.0,3520000.0,0.08274637
1488369600000.0,3550000.0,3697155.97,3501523.97,3692794.18,3.33476467
1488412800000.0,3536000.0,3694230.17,3536000.0,3536000.0,0.17805806
1488456000000.0,3740002.18,3894819.09,3728818.94,3851961.83,0.53545555
1488499200000.0,3677391.54,3900447.92,3677391.54,3900447.92,0.79206267
1488542400000.0,3764029.19,4499999.0,3688236.41,4499999.0,1.56170813
1488585600000.0,4300000.0,4300000.0,4300000.0,4300000.0,0.418
1488628800000.0,3900000.0,3900000.0,3649293.86,3700000.0,0.97245518
1488672000000.0,3700000.0,3700000.0,3700000.0,3700000.0,0.1146
1488715200000.0,3700000.0,3700000.0,3700000.0,3700000.0,0.24159183
1488758400000.0,3720708.42,3730000.0,3720708.42,3730000.0,0.0984
1488801600000.0,3730000.0,3897275.18,3730000.0,3730000.0,1.53636846
1488844800000.0,3879999.0,3899371.97,3700000.0,3700000.0,2.01592229
1488888000000.0,3700000.0,3743369.98,3580000.0,3734083.66,3.02084461
1488931200000.0,3592000.0,3592000.0,3550000.0,3550000.0,0.49613
1488974400000.0,3526434.44,3656979.83,3415845.49,3580454.55,3.42721746
1489017600000.0,3531726.28,3531726.28,3363104.89,3363104.89,0.11885918
1489060800000.0,3503856.0,3717043.13,3479294.26,3672039.32,4.03444935
1489104000000.0,3693026.02,3693026.02,3513233.76,3513233.76,1.94030316
1489147200000.0,3508894.18,3863443.82,2500000.0,2500000.0,6.50059644
1489190400000.0,3900000.0,3900000.0,3900000.0,3900000.0,0.3836858
1489233600000.0,3431736.47,3431736.47,3431736.47,3431736.47,0.1907
1489276800000.0,3800000.0,3800000.0,3800000.0,3800000.0,0.02368421
1489320000000.0,3800000.0,3800000.0,3548244.26,3548244.26,0.15451226
1489406400000.0,3700000.0,3792000.0,3567712.57,3792000.0,0.43749113
1489449600000.0,3790000.0,3792000.0,3595708.78,3595708.78,0.54063987
1489492800000.0,3604244.22,3798000.0,3598845.95,3665379.53,0.72303328
1489536000000.0,3798000.0,3798000.0,3646163.8,3646163.8,0.47908894
1489579200000.0,3797900.0,3819236.55,3661000.0,3661000.0,0.63669808
1489622400000.0,3661000.0,3661000.0,3661000.0,3661000.0,0.0054
1489665600000.0,3661000.0,3661000.0,3327731.02,3328146.32,5.82566205
1489752000000.0,3251124.34,3802000.0,3251124.34,3802000.0,0.47413874
1489838400000.0,3200000.0,3200000.0,2819500.0,2819500.0,3.745
1489924800000.0,2819500.0,3800000.0,2819500.0,2928772.45,0.50895532
1490011200000.0,2969183.08,3000000.0,2969183.08,3000000.0,0.03512588
1490097600000.0,3200000.0,3745000.0,3200000.0,3745000.0,0.5786375
1490140800000.0,3345000.0,3744900.0,3345000.0,3744900.0,0.00200806
1490184000000.0,3400000.0,3714999.0,3235900.0,3236000.0,0.25094213
1490270400000.0,3500000.0,3670000.0,2933002.55,2933002.55,0.9164177
1490313600000.0,2900000.0,2900000.0,2900000.0,2900000.0,0.0331
1490356800000.0,3080000.0,3655900.0,2780421.49,3655900.0,0.72172919
1490400000000.0,3625900.0,3625900.0,2800000.0,2800000.0,0.05696924
1490443200000.0,2800000.0,2800000.0,2800000.0,2800000.0,0.1237
1490616000000.0,3095900.0,3100000.0,2904470.3,2954303.1,0.37995805
1490659200000.0,2957156.67,2958583.46,2957156.67,2958583.46,0.0745
1490702400000.0,3100000.0,3659175.0,3036500.0,3099968.13,2.45765537
1490745600000.0,3069884.13,3084674.49,3049342.81,3049342.81,0.82251243
1490788800000.0,2996100.0,3115628.71,2939000.0,2939000.0,0.33568718
1490832000000.0,2956540.95,3084207.27,2956540.95,3084207.27,0.00424232
1490875200000.0,3022390.16,3061622.59,2939000.0,3056267.82,0.69770563
1490918400000.0,2949601.68,2949601.68,2949601.68,2949601.68,0.0564
1491048000000.0,3236966.48,3236966.48,3101900.0,3160505.77,0.3975956
1491091200000.0,3098700.0,3098700.0,3098700.0,3098700.0,0.2829
1491134400000.0,3098700.0,3107891.38,3098700.0,3107891.38,0.0943
1491177600000.0,3182000.0,3182000.0,3182000.0,3182000.0,0.1025
1491220800000.0,3311600.0,3399950.92,3161914.56,3201968.38,3.61313184
1491264000000.0,3402964.46,3402964.46,3243570.99,3370000.0,0.04726845
1491307200000.0,3185544.16,3315080.43,3176953.06,3290000.0,0.80632716
1491350400000.0,3289000.0,3300000.0,3199000.0,3199000.0,0.12615999
1491393600000.0,3199000.0,3294299.84,3132630.24,3148855.22,0.72553467
1491436800000.0,3190898.96,3300000.0,3190898.96,3300000.0,3.44647632
1491480000000.0,3300000.0,3359303.26,3261124.02,3345629.41,6.73198442
1491523200000.0,3380000.0,3482899.0,3256240.0,3256240.0,0.12655174
1491566400000.0,3399500.0,3399500.0,3205900.0,3205900.0,1.98571226
1491609600000.0,3205900.0,3359900.0,3205900.0,3359900.0,0.5909786
1491652800000.0,3359900.0,3481200.0,3215999.0,3215999.0,0.50173195
1491739200000.0,3455299.0,3485981.0,3212600.0,3389900.0,0.54189621
1491825600000.0,3213199.0,3581013.15,3212600.0,3549841.18,1.56012072
1491868800000.0,3417396.1,3417396.1,3226650.0,3226650.0,0.1887
1491912000000.0,3226650.0,3545490.0,3213000.0,3213000.0,0.57556309
1491955200000.0,3213000.0,3213000.0,3205900.0,3205900.0,1.5632
1491998400000.0,3210190.0,3530200.0,3205901.0,3215999.0,1.06856805
1492041600000.0,3495100.0,3500000.0,3495100.0,3500000.0,0.49
1492084800000.0,3479161.31,3493276.75,3327755.4,3327755.4,1.79653024
1492171200000.0,3354130.53,3390000.0,3354130.53,3384940.92,0.2019
1492214400000.0,3450000.0,3450000.0,3450000.0,3450000.0,0.00289855
1492257600000.0,3370685.23,3370685.23,3370685.23,3370685.23,0.0135
1492344000000.0,3372878.45,3372878.45,3372878.45,3372878.45,0.044
1492387200000.0,3385280.29,3385280.29,3379961.49,3379961.49,0.1236
1492430400000.0,3307200.0,3544500.0,3307200.0,3544500.0,0.83779909
1492473600000.0,3544500.0,3544500.0,3287103.0,3287103.0,0.90751935
1492516800000.0,3544000.0,3544690.0,3287103.0,3290000.0,1.10850862
1492560000000.0,3541700.0,3544690.0,3287104.0,3287104.0,0.6315536
1492603200000.0,3287104.0,3540000.0,3100900.0,3540000.0,1.47308064
1492646400000.0,3105150.0,3105150.0,3100900.0,3100900.0,0.0558
1492689600000.0,3390000.0,3545386.0,3104101.0,3500000.0,2.95802805
1492732800000.0,3195300.0,3545386.0,3104102.0,3107654.0,0.22380572
1492776000000.0,3107654.0,3545385.0,3106000.0,3420000.0,0.73915776
1492819200000.0,3545385.0,3549700.0,3425600.0,3425600.0,0.76315
1492862400000.0,3450001.0,3599899.0,3425600.0,3599899.0,0.40865464
1492905600000.0,3425600.0,3425600.0,3425600.0,3425600.0,0.065
1492948800000.0,3425600.0,3425600.0,3400600.0,3400600.0,0.4085
1492992000000.0,3400600.0,3550000.0,3400600.0,3401246.0,0.6564
1493035200000.0,3401253.0,3622967.0,3401253.0,3617437.0,2.19776169
1493078400000.0,3601200.0,3601200.0,3600100.0,3600100.0,0.056
1493121600000.0,3617436.0,3658000.0,3585340.0,3585340.0,2.33345052
1493164800000.0,3585340.0,3658000.0,3569600.0,3658000.0,0.3824
1493208000000.0,3569600.0,3950000.0,3512002.0,3550000.0,3.55488542
1493251200000.0,3799900.0,3799900.0,3550200.0,3550200.0,0.05086338
1493294400000.0,3550210.0,3850000.0,3550210.0,3840000.0,1.4332738
1493337600000.0,3601001.0,3850000.0,3601000.0,3602000.0,0.2912732
1493380800000.0,3604100.0,3850000.0,3604100.0,3604300.0,0.86128332
1493424000000.0,3849900.0,3870000.0,3604360.0,3610265.0,0.59758022
1493467200000.0,3869000.0,4000000.0,3850050.0,3850050.0,2.8856489
1493510400000.0,3850050.0,3850050.0,3850050.0,3850050.0,0.0098
1493640000000.0,4001000.0,4048000.0,3852000.0,4048000.0,1.01908735
1493726400000.0,3856000.0,4100000.0,3856000.0,3862000.0,1.85594831
1493769600000.0,4100000.0,4284938.0,3865000.0,4284000.0,2.93394133
1493812800000.0,4259000.0,4300000.0,3865010.0,3873000.0,4.15497223
1493856000000.0,4249999.0,4400000.0,4249999.0,4400000.0,3.1881
1493899200000.0,4400000.0,5100000.0,4105001.0,4999900.0,1.54144212
1493985600000.0,4500021.0,10000000000.0,4500001.0,5600000.0,2.47955712
1494028800000.0,5599000.0,5599000.0,4503000.0,4503000.0,0.24891147
1494072000000.0,5548000.0,5550000.0,4504000.0,5130000.0,0.22334216
1494115200000.0,4600000.0,4600000.0,4600000.0,4600000.0,0.0188
1494158400000.0,5129999.0,5500000.0,5129999.0,5500000.0,1.31048387
1494201600000.0,4605000.0,4980000.0,4605000.0,4980000.0,0.17727906
1494244800000.0,4980000.0,4980000.0,4611000.0,4970000.0,2.4939247
1494288000000.0,4625001.0,4959999.0,4611000.0,4612001.0,0.57045488
1494331200000.0,4612001.0,5200000.0,4612000.0,4700301.0,1.79637151
1494374400000.0,5199999.0,5200000.0,4700301.0,4711001.0,0.23586925
1494417600000.0,5200000.0,6500000.0,4712000.0,5500003.0,1.69535854
1494460800000.0,6389777.0,6390000.0,5550001.0,6150000.0,0.81755866
1494504000000.0,6000000.0,6149900.0,5900000.0,5900001.0,2.87638778
1494547200000.0,5900001.0,6059800.0,5900001.0,6000000.0,0.30565406
1494590400000.0,5900001.0,6057800.0,4800001.0,5799700.0,1.60162876
1494633600000.0,5190000.0,5795777.0,4550000.0,4550000.0,0.6957
1494676800000.0,5600000.0,5600000.0,4607789.0,5587000.0,0.65900806
1494763200000.0,5579999.0,5580000.0,5579999.0,5580000.0,0.57918533
1494806400000.0,4650200.0,4650201.0,4650200.0,4650201.0,0.0076
1494849600000.0,4650300.0,5699800.0,4650000.0,4700000.0,2.5430587
1494892800000.0,4757800.0,5300000.0,4757800.0,5300000.0,0.1355
1494936000000.0,5300000.0,5550000.0,5000000.0,5527998.0,2.4310369
1494979200000.0,5005001.0,5525900.0,5005000.0,5521600.0,1.59591616
1495022400000.0,5260301.0,5518499.0,5260300.0,5469998.0,0.28218282
1495065600000.0,5260501.0,5260501.0,5260500.0,5260500.0,0.03
1495108800000.0,5260501.0,5751850.0,5260500.0,5300000.0,2.97183712
1495152000000.0,5751000.0,5751000.0,5350006.0,5750000.0,1.07585545
1495195200000.0,5750000.0,5998090.0,5520003.0,5990000.0,1.39907792
1495238400000.0,5989799.0,5990000.0,5989799.0,5989950.0,0.9171719
1495281600000.0,5989950.0,6350000.0,5550060.0,5900005.0,1.36005683
1495324800000.0,5900005.0,5900005.0,5900001.0,5900001.0,0.0791
1495368000000.0,5900001.0,6349950.0,5850000.0,6349950.0,0.27714422
1495411200000.0,6159452.0,6159452.0,5900000.0,5900004.0,0.3214
1495454400000.0,5910010.0,6450000.0,5910010.0,6450000.0,2.16901043
1495497600000.0,6479999.0,6479999.0,5967001.0,6011000.0,0.48410203
1495540800000.0,6011000.0,10000000.0,6011000.0,10000000.0,5.09155976
1495584000000.0,6610020.0,9999000.0,6610020.0,7600000.0,1.50406288
1495627200000.0,7499999.0,9189998.0,7070000.0,9189998.0,1.72101236
1495670400000.0,7450009.0,9177999.0,7411008.0,9176000.0,1.05135075
1495713600000.0,9099999.0,9499999.0,8000051.0,8355201.0,3.77430484
1495756800000.0,8355201.0,8699997.0,5999000.0,7997960.0,1.64948146
1495800000000.0,7997950.0,7997950.0,5985001.0,6800000.0,0.75446901
1495843200000.0,6800000.0,8399500.0,5985000.0,8399500.0,2.0608179
1495886400000.0,8398999.0,8399498.0,6400100.0,7000001.0,0.65192814
1495929600000.0,8000000.0,8297999.0,7000001.0,8297999.0,0.17319553
1495972800000.0,7700000.0,8399500.0,7700000.0,8399500.0,0.87044117
1496016000000.0,8000000.0,8799998.0,7500002.0,8599999.0,0.64432306
1496059200000.0,8599999.0,8599999.0,7600102.0,8390000.0,0.87157472
1496102400000.0,8390000.0,8499996.0,7600200.0,7600250.0,0.31884325
1496145600000.0,7600250.0,8000000.0,7105007.0,7900000.0,0.80968475
1496188800000.0,7200000.0,7200000.0,7110000.0,7130000.0,0.13328423
1496275200000.0,7775000.0,7776000.0,7157001.0,7157001.0,0.19260217
1496318400000.0,7698000.0,7730000.0,7250000.0,7498500.0,1.00835677
1496361600000.0,7220000.0,7498998.0,7210000.0,7221000.0,0.2887495
1496404800000.0,7230000.0,7497000.0,5985000.0,7490998.0,1.68335488
1496448000000.0,7492999.0,7729999.0,7150000.0,7729999.0,0.93778375
1496491200000.0,7250002.0,7729999.0,7250002.0,7271000.0,0.14664513
1496534400000.0,7280000.0,7700000.0,7274000.0,7700000.0,0.21187014
1496577600000.0,7274301.0,7730000.0,7274300.0,7699998.0,0.49996652
1496620800000.0,7275036.0,7275038.0,7275035.0,7275038.0,0.1037
1496664000000.0,7275039.0,7719999.0,7200000.0,7660000.0,1.883649
1496707200000.0,7719998.0,7800000.0,7450001.0,7450001.0,0.76763869
1496750400000.0,7749997.0,7999888.0,7100107.0,7600520.0,3.22018646
1496793600000.0,7600520.0,7999883.0,7300000.0,7300000.0,0.4309407
1496836800000.0,7300000.0,7799998.0,7102002.0,7799998.0,1.24915673
1496880000000.0,7260000.0,7789998.0,7240000.0,7749999.0,0.4361845
1496923200000.0,7550000.0,7800000.0,4357997.0,7800000.0,4.72838182
1496966400000.0,7101002.0,7899999.0,4357997.0,7350000.0,1.90289568
1497009600000.0,7899990.0,8000000.0,7000001.0,7400012.0,2.46199397
1497052800000.0,7999992.0,8400000.0,7402732.0,8399999.0,2.07191725
1497096000000.0,8399800.0,8799999.0,7505002.0,8799998.0,2.15700123
1497139200000.0,8799997.0,8799997.0,8799997.0,8799997.0,0.0
1497182400000.0,8799997.0,9000000.0,7656004.0,7678011.0,1.29558023
1497225600000.0,7678012.0,8599997.0,7678011.0,7890000.0,0.33565787
1497268800000.0,7891000.0,8999998.0,7550008.0,8200000.0,2.67259871
1497312000000.0,8770000.0,8771000.0,7800000.0,7800000.0,0.88764293
1497355200000.0,7800000.0,8500000.0,7650324.0,7760403.0,2.89264019
1497398400000.0,8488999.0,8488999.0,7785000.0,8448991.0,0.15209325
1497441600000.0,7785001.0,8099999.0,7605000.0,7605000.0,3.64095667
1497484800000.0,7605000.0,7898995.0,7310001.0,7894999.0,1.21428393
1497528000000.0,7316000.0,7786999.0,6600001.0,7784995.0,1.70323099
1497571200000.0,7784993.0,7784993.0,6900001.0,6900001.0,0.14552735
1497614400000.0,7779997.0,7779997.0,6950001.0,7725998.0,1.12840539
1497657600000.0,7000010.0,8000000.0,7000010.0,7180017.0,2.83016662
1497700800000.0,7215001.0,7890000.0,7215001.0,7330003.0,0.6363
1497744000000.0,7401001.0,7401001.0,7000010.0,7000010.0,1.0
1497787200000.0,7050000.0,7050000.0,6830001.0,6830002.0,0.3459
1497830400000.0,6840002.0,6840002.0,6840002.0,6840002.0,0.004
1497873600000.0,7608999.0,7609000.0,6980000.0,6980001.0,0.86757501
1497916800000.0,7608994.0,7779998.0,6980001.0,7779998.0,0.96712112
1497960000000.0,7000010.0,7679996.0,6983001.0,7550000.0,1.7996771
1498003200000.0,7549999.0,7549999.0,7100000.0,7100002.0,0.31291013
1498046400000.0,7110000.0,7495999.0,6830000.0,6830001.0,0.4789
1498089600000.0,6830008.0,7487992.0,6830001.0,6830001.0,0.10111924
1498132800000.0,7350000.0,7350000.0,6830000.0,7340980.0,0.51097023
1498176000000.0,6835235.0,7329998.0,6500002.0,7329988.0,0.7188948
1498219200000.0,6840000.0,7348000.0,5900000.0,7348000.0,1.61079664
1498262400000.0,6800000.0,7394999.0,6800000.0,6930000.0,0.05152859
1498305600000.0,7394999.0,7394999.0,6952349.0,7390000.0,0.14185361
1498348800000.0,7084010.0,7084010.0,6661009.0,6661009.0,0.59882182
1498478400000.0,6900000.0,6900000.0,6850000.0,6850000.0,0.1274
1498521600000.0,6949981.0,6950000.0,6949981.0,6950000.0,0.14231416
1498564800000.0,6851008.0,7298533.0,5900000.0,6500000.0,1.38288434
1498608000000.0,6500001.0,7298529.0,5906004.0,7298498.0,0.50140289
1498651200000.0,5950116.0,7486991.0,5920001.0,6900001.0,3.12529866
1498694400000.0,6920001.0,7200000.0,6900000.0,6900000.0,0.91716793
1498737600000.0,6900000.0,7427994.0,6900000.0,6972010.0,1.61532259
1498780800000.0,7000000.0,7000000.0,6972010.0,6972010.0,0.5552
1498867200000.0,7132000.0,7132000.0,7006021.0,7006021.0,0.1294
1498910400000.0,7100000.0,7248999.0,6400001.0,6400001.0,1.04650351
1498953600000.0,6400010.0,6450000.0,6300001.0,6300001.0,0.2507
1498996800000.0,6450001.0,7149000.0,6450001.0,7100000.0,0.20312422
1499040000000.0,6880000.0,6880000.0,6880000.0,6880000.0,0.0464
1499083200000.0,6600000.0,7050000.0,6460001.0,7049993.0,0.34506457
1499126400000.0,7049993.0,7300000.0,6460001.0,7300000.0,2.19510418
1499169600000.0,6500000.0,7250000.0,6500000.0,7049997.0,2.47772356
1499212800000.0,7039998.0,7099998.0,6520004.0,7099994.0,0.55384168
1499256000000.0,6700000.0,7099999.0,6520005.0,7000000.0,2.15371141
1499299200000.0,6650000.0,7096000.0,6582151.0,6582151.0,2.12971137
1499342400000.0,6582155.0,7091995.0,6520005.0,7091995.0,2.12280691
1499385600000.0,7091995.0,7091995.0,6720000.0,6721000.0,0.799219
1499428800000.0,7050000.0,7300000.0,6721000.0,7300000.0,2.80418196
1499472000000.0,6870000.0,7500000.0,6870000.0,7498999.0,1.64559
1499515200000.0,6880007.0,7498998.0,6880006.0,7402899.0,0.53296782
1499558400000.0,7100000.0,7398191.0,7002000.0,7397999.0,0.24819285
1499601600000.0,7002008.0,7394900.0,6900405.0,6900405.0,1.2467958
1499644800000.0,6900407.0,6900410.0,6900407.0,6900410.0,0.1082
1499688000000.0,6900410.0,7298999.0,6825001.0,7165000.0,2.39847342
1499731200000.0,7200000.0,7221999.0,6720001.0,6722000.0,0.66630788
1499774400000.0,7153998.0,7219999.0,6600000.0,7014997.0,3.88381084
1499817600000.0,6610000.0,7000000.0,5898900.0,6999999.0,1.02473235
1499860800000.0,5899904.0,7008999.0,30200.0,6650002.0,4.10480362
1499904000000.0,6656000.0,7008997.0,6655000.0,6655000.0,1.16119399
1499947200000.0,6670000.0,7008984.0,5411007.0,6995948.0,4.71299065
1499990400000.0,6841559.33,6995947.0,6745457.86,6978000.0,0.29790018
1500033600000.0,6977999.0,6980000.0,6272227.46,6550000.0,9.17494045
1500076800000.0,6550000.0,6650000.0,5697717.0,5968363.59,8.53450368
1500120000000.0,5901674.04,6090000.0,5016000.0,5016000.0,1.75852079
1500163200000.0,6071000.0,6071000.0,5000001.0,5000003.0,0.17111612
1500206400000.0,5000003.0,5500000.0,4700000.0,5500000.0,1.5467
1500249600000.0,5983999.0,5983999.0,4700000.0,4700000.0,0.32849512
1500292800000.0,4710000.0,6980000.0,4710000.0,6980000.0,4.46230971
1500336000000.0,6980000.0,6980000.0,6001000.0,6070000.0,1.02024824
1500379200000.0,6969997.0,7260000.0,6500000.0,6880022.0,7.38462828
1500422400000.0,6880023.0,7260000.0,6880000.0,6880007.0,1.32436718
1500465600000.0,6881008.0,7259890.0,6600000.0,6939999.0,4.48376097
1500508800000.0,6600002.0,6939999.0,6365001.0,6365001.0,1.04324799
1500552000000.0,6365001.0,7499989.0,6365001.0,6770027.0,4.47792581
1500595200000.0,6790027.0,7499984.0,6790027.0,6815009.0,1.08474659
1500638400000.0,6815009.0,7499983.0,6815009.0,7417586.8,2.6545464
1500681600000.0,7497977.0,7840000.0,7406749.29,7840000.0,3.25742923
1500724800000.0,7843980.56,7900000.0,7758000.0,7898000.0,3.13712845
1500768000000.0,7818905.03,7830001.0,7818905.03,7819488.3,0.68677666
1500811200000.0,7832000.0,7834450.53,7832000.0,7834450.53,0.80864514
1500854400000.0,7834450.53,7838507.9,7800001.0,7838507.9,1.4896
1500897600000.0,7838462.74,8299999.0,7800019.81,8095640.0,8.28244438
1500940800000.0,8122896.0,8470395.59,7700000.0,7700000.0,2.33389803
1500984000000.0,7700000.0,7700000.0,7010002.0,7015009.0,2.78979454
1501027200000.0,7490998.0,7491000.0,7010002.0,7391000.0,3.53736483
1501070400000.0,7390000.0,7390000.0,7010002.0,7010323.0,4.25962148
1501113600000.0,7011000.0,7295999.0,7011000.0,7012002.0,0.96320241
1501156800000.0,7012004.0,7562500.0,7012003.0,7300000.0,4.21238022
1501200000000.0,7300000.0,8456621.04,7031001.0,8216783.47,5.6920779
1501243200000.0,8435998.0,8470395.0,7300000.0,7895000.0,5.42141705
1501286400000.0,7331001.0,7520000.0,7328000.0,7329000.0,0.90357572
1501329600000.0,7510000.0,7510000.0,7062500.0,7065000.0,0.85030531
1501372800000.0,7065000.0,7420000.0,7065000.0,7419000.0,0.03935191
1501416000000.0,7065000.0,7418999.0,7065000.0,7090000.0,0.34428865
1501459200000.0,7150000.0,7150000.0,7110001.0,7110001.0,0.0178
1501545600000.0,7903893.68,8466999.0,7903893.68,8466999.0,1.998226
1501588800000.0,8466999.0,8466999.0,7734601.0,7813448.87,2.56546224
1501632000000.0,8111743.55,8277007.05,7827346.0,8216168.0,0.49103883
1501675200000.0,7863211.12,9000000.0,7683418.51,7997999.0,3.4442862
1501718400000.0,7789007.0,7997998.0,7786088.95,7848300.61,0.77016015
1501761600000.0,7828934.91,8448216.8,7773237.84,8000001.0,8.11602818
1501804800000.0,8325000.0,8325000.0,7920267.85,8054258.32,1.60313761
1501848000000.0,8131075.52,8323998.0,8111176.21,8323998.0,5.10249492
1501891200000.0,8237845.75,8999998.0,8237674.09,8906598.0,1.31508104
1501934400000.0,8999998.0,9600000.0,8098646.0,9320000.0,5.13541417
1501977600000.0,9423524.55,9580000.0,8906000.0,8906000.0,2.05541105
1502020800000.0,9568999.0,9569000.0,8814001.0,9198999.0,0.58457252
1502064000000.0,9098999.0,9194999.0,8010000.0,8900000.0,0.87675283
1502107200000.0,9193998.0,9196000.0,8500004.0,9196000.0,1.94451034
1502150400000.0,9180000.0,9568999.0,8800002.0,9150000.0,0.88838113
1502193600000.0,9150010.0,10170000.0,9150010.0,10025019.22,5.33258535
1502236800000.0,10010000.0,10452000.0,9897265.0,9897265.0,4.43295086
1502280000000.0,9897265.0,10276000.0,9489428.02,10263145.0,7.39629679
1502323200000.0,10263145.0,10300145.0,9850001.0,10300145.0,1.24891737
1502366400000.0,9970001.0,10497000.0,9970001.0,10299998.0,5.6251805
1502409600000.0,10299997.0,10299999.0,9884002.41,10040968.75,3.39188576
1502452800000.0,10299958.0,10497999.0,10115000.0,10497999.0,6.98058767
1502496000000.0,10497998.0,10500000.0,10322253.1,10322253.1,2.1560645
1502539200000.0,10500000.0,10999998.0,10387043.93,10990998.0,2.33450277
1502582400000.0,10999998.0,11487999.0,10880473.2,11427760.0,1.60457997
1502625600000.0,11367175.2,11487997.0,10322253.1,11487997.0,2.43619314
1502668800000.0,11368805.79,11487999.0,11348937.97,11487999.0,0.95379007
1502712000000.0,11487999.0,13148121.92,11487999.0,12800000.0,10.84544882
1502755200000.0,12790000.0,13148121.0,11695565.77,11794820.0,2.52287458
1502798400000.0,12000000.0,12405303.48,11428875.9,12199999.0,6.76387534
1502841600000.0,12056805.39,12200000.0,11471886.65,11672998.3,0.80915935
1502884800000.0,11726489.5,12839667.5,11726489.5,12839660.0,11.31870574
1502928000000.0,12601490.48,12839660.0,11900015.01,12800000.0,3.45217567
1502971200000.0,12799998.0,12800000.0,11500010.0,11500010.0,5.51853959
1503014400000.0,12600000.0,12600000.0,11500010.0,12323060.24,0.49250554
1503057600000.0,12322845.11,12480000.0,11570002.0,12272447.0,5.69904553
1503100800000.0,12272443.0,12449994.0,11750000.0,11750000.0,1.0104413
1503144000000.0,12363443.0,12363443.0,11500000.0,11520001.0,1.75360711
1503187200000.0,11533004.0,12148989.0,11510003.0,12148989.0,0.08045675
1503230400000.0,11510006.0,12148985.0,11500000.0,11500018.0,0.89434
1503273600000.0,11500018.0,12100000.0,11500018.0,12089999.0,0.22190588
1503316800000.0,11500023.0,12100000.0,11500022.0,12099989.0,1.60920095
1503360000000.0,12099988.0,12099988.0,10671081.38,11325400.0,2.84948179
1503403200000.0,11325405.0,12480000.1,11100001.0,11950003.0,6.22649971
1503446400000.0,12158990.0,12158990.0,11856365.0,11918001.0,1.1267901
1503489600000.0,11992250.5,12137987.0,11906916.52,12100998.0,6.97027512
1503532800000.0,11979453.45,12000000.0,11856206.09,11856713.84,1.96880302
1503576000000.0,11874051.75,12109999.0,11844447.35,12108998.0,4.19650926
1503619200000.0,12108998.0,12237989.0,11300000.0,12194965.06,2.80643261
1503662400000.0,12195246.65,12700000.0,11510000.0,12679974.0,3.89092504
1503705600000.0,12679974.0,12679974.0,11900010.0,11900010.0,2.44709881
1503748800000.0,11900010.0,12459895.0,11000000.0,12349990.0,1.37297909
1503792000000.0,11600000.0,12333899.0,11000100.0,12333899.0,0.20652161
1503835200000.0,12333896.99,12333899.0,11500000.0,11500000.0,0.45228228
1503878400000.0,11500000.0,11500000.0,11500000.0,11500000.0,0.0826
1503921600000.0,11500000.0,12300000.0,11000304.1,12299998.0,2.4150085
1503964800000.0,11891014.0,12299998.0,11891014.0,12100000.0,1.3489727
1504008000000.0,11891014.0,12599999.0,11891014.0,12599998.0,6.29953451
1504051200000.0,12051010.0,12539999.0,11791006.0,11791006.0,1.83496655
1504094400000.0,11791010.0,12740000.0,11791010.0,12740000.0,3.6376351
1504137600000.0,12740000.0,13000001.0,12604647.12,12920314.53,1.12314855
1504224000000.0,13197526.86,13198928.89,13197526.86,13198928.89,0.1053
1504267200000.0,13338120.0,14318994.0,13176363.61,13907952.29,5.55153836
1504310400000.0,14000000.0,14218990.0,13219165.0,14217000.0,1.53669644
1504353600000.0,14176894.88,14176894.88,12900001.0,13123452.0,4.0523012
1504396800000.0,13123451.0,13123452.0,12987786.0,12987786.0,0.56564777
1504440000000.0,12902848.41,13123452.0,12779357.48,12987804.32,0.84373256
1504483200000.0,12987657.18,13123451.0,12600002.0,12600002.0,1.83927564
1504526400000.0,12600002.0,13123451.0,9200003.0,12575016.85,8.06051202
1504569600000.0,12600000.0,12999999.0,11400000.0,12792990.0,1.48664579
1504612800000.0,12750000.0,14000000.0,11500002.0,12575908.0,5.17553603
1504656000000.0,12579801.0,13780793.0,12553100.0,13780719.0,1.74873301
1504699200000.0,12850009.0,13600169.0,12020770.0,12747948.0,2.63223934
1504742400000.0,12747949.0,12747950.0,12050000.0,12100057.0,0.97962989
1504785600000.0,12398000.0,12747950.0,12150000.0,12747950.0,4.04639322
1504828800000.0,12150047.0,12747939.0,12000000.0,12000000.0,1.17529546
1504872000000.0,12000015.0,12740000.0,11600000.0,12699989.0,4.35429353
1504915200000.0,12325513.0,12699989.0,12250000.0,12339207.0,0.53749026
1504958400000.0,12356059.74,12659988.0,12000000.0,12071592.66,2.48703008
1505001600000.0,12150000.0,12293500.0,11959366.91,11959366.91,1.19008378
1505044800000.0,12006528.0,12293495.0,11817014.64,12130875.65,1.50453777
1505088000000.0,12051135.95,12150000.0,11837451.44,11837451.44,0.18692305
1505131200000.0,12149999.0,12800000.0,11812663.41,11894697.58,9.02644144
1505174400000.0,11918755.55,12100000.0,11918755.55,11972685.78,2.45197282
1505217600000.0,12099997.0,12100000.0,11707264.0,11707264.0,3.7233786
1505260800000.0,11999998.0,11999998.0,11500000.0,11500002.0,1.73517855
1505304000000.0,11500002.0,11800000.0,10850000.0,10908674.34,11.69544088
1505347200000.0,10938826.27,11300000.0,10416687.05,10416687.05,7.18293283
1505390400000.0,10416688.0,10416688.0,9000000.0,9084607.67,12.22097629
1505433600000.0,9450000.0,9500000.0,8500000.0,8500000.0,4.08676014
1505476800000.0,8100000.0,11299997.0,8100000.0,11010000.0,6.17426442
1505520000000.0,11009999.0,11300000.0,10511001.0,11300000.0,0.86589061
1505563200000.0,11300000.0,11300000.0,10351000.0,10352000.0,0.88914944
1505606400000.0,10352000.0,10352000.0,10100001.0,10100001.0,0.12968658
1505649600000.0,10100001.0,10689990.0,10100001.0,10100102.0,0.5063
1505692800000.0,10649999.0,10800000.0,10100102.0,10799999.0,1.23662851
1505736000000.0,10100111.0,10800000.0,10100110.0,10276003.0,1.83767312
1505779200000.0,10778991.0,10850000.0,10286004.0,10300018.0,1.58587732
1505822400000.0,10300019.0,10988000.0,10180500.0,10180500.0,1.07366619
1505865600000.0,10180500.0,10180500.0,10100102.0,10100102.0,0.2416
1505908800000.0,10100102.0,11000000.0,10000002.0,10987999.0,5.88291628
1505952000000.0,10315019.0,10930692.0,10315018.0,10930692.0,0.54519029
1505995200000.0,10321004.0,10920690.0,10075000.0,10075000.0,3.98501695
1506038400000.0,10161717.88,10646956.0,10075000.0,10646956.0,1.75805512
1506081600000.0,10100239.49,10644999.0,9836000.0,10200000.0,4.81976492
1506124800000.0,9851001.0,10200000.0,9850000.0,9851000.0,1.37323326
1506168000000.0,10200000.0,10400000.0,9861002.0,9861002.0,1.64371132
1506211200000.0,10240000.0,10240000.0,9861001.0,10169999.0,0.490322
1506254400000.0,9861001.0,10250000.0,9850001.0,9860015.0,0.97299559
1506297600000.0,9860016.0,10150000.0,9850001.0,9852000.0,0.19956864
1506340800000.0,9852000.0,11499996.0,9836000.0,11078057.94,12.28437121
1506384000000.0,11092246.16,11100000.0,10000001.0,10999997.0,5.61933718
1506427200000.0,10000001.0,10999989.0,10000000.0,10000000.0,1.91052123
1506470400000.0,10398999.0,11249999.0,9836001.0,11249990.0,1.3243539
1506513600000.0,11199999.0,11249997.0,9856032.0,10900000.0,2.06105236
1506556800000.0,10800001.0,11199900.0,10675106.0,10675106.0,1.45920361
1506600000000.0,10685106.0,11097999.0,10665004.0,10670700.0,4.57940003
1506643200000.0,11073994.0,11199999.0,10675002.0,11199992.0,0.40994975
1506686400000.0,10700000.0,11200000.0,10700000.0,10800004.0,1.41387114
1506729600000.0,10800004.0,10800004.0,10800004.0,10800004.0,0.0208
1506816000000.0,11170000.0,11170000.0,10851001.0,10851001.0,0.18950717
1506859200000.0,10851001.0,11170000.0,10851001.0,10864005.0,0.06736759
1506902400000.0,10864010.0,11199991.0,10864006.0,11199991.0,0.04801446
1506945600000.0,10900001.0,12299999.0,10800005.0,12050000.0,6.74143298
1506988800000.0,11581003.0,11950995.0,10600004.0,10600006.0,2.01046751
1507032000000.0,10600013.0,11774999.0,10600006.0,11310000.0,4.6502358
1507075200000.0,11310000.0,11649964.0,11000000.0,11000000.0,1.72863633
1507118400000.0,11000000.0,11900000.0,11000000.0,11765318.19,9.9607672
1507161600000.0,11765318.19,11799999.0,11610748.75,11659163.49,3.04528793
1507204800000.0,11799999.0,12100000.0,11500001.0,12000898.0,5.73589561
1507248000000.0,11521013.0,11990000.0,11500002.0,11990000.0,1.7445807
1507291200000.0,11990000.0,12299999.0,11650001.0,11703001.0,3.30203498
1507334400000.0,12114926.0,12114926.0,11703002.0,12000000.0,0.04770633
1507377600000.0,11709004.0,11989005.0,11709004.0,11989005.0,0.81173394
1507420800000.0,11989005.0,11989005.0,11709005.0,11989002.0,0.05276229
1507464000000.0,11989000.0,12300000.0,11720003.0,12300000.0,3.37919334
1507507200000.0,12200005.0,12700000.0,12001101.0,12100007.0,3.10707942
1507550400000.0,12100008.0,12949000.0,12100008.0,12211500.0,6.41910959
1507593600000.0,12850998.0,12919999.0,12201500.0,12375001.0,1.75005143
1507636800000.0,12387008.0,13679000.0,12387008.0,13243539.54,22.50578528
1507680000000.0,13243020.93,13380000.0,13000000.0,13345201.12,8.74840391
1507723200000.0,13265607.47,13330000.0,13000000.0,13000000.0,2.39552664
1507766400000.0,13199000.0,13240000.0,12500004.0,12500012.0,1.0183631
1507809600000.0,12500012.0,14575000.0,12500012.0,13709001.0,5.01787003
1507852800000.0,14000000.0,14298000.0,13580000.0,13580000.0,2.07753062
1507896000000.0,13581000.0,14217885.0,12560000.0,12803006.0,6.67846521
1507939200000.0,14088554.0,14099965.0,12803008.0,13000001.0,3.31094181
1507982400000.0,13000001.0,13790000.0,13000001.0,13200011.0,0.57662556
1508025600000.0,13784957.0,13784957.0,13000001.0,13000001.0,1.40551241
1508068800000.0,13000001.0,14000000.0,13000001.0,13887998.0,1.10282589
1508112000000.0,13058219.0,13887978.0,13058219.0,13060004.0,0.1630265
1508155200000.0,13060004.0,14450000.0,13000001.0,14450000.0,4.86196413
1508198400000.0,14000010.0,14300000.0,13950001.0,13950001.0,0.55828508
1508241600000.0,13950001.0,14800000.0,13620001.0,14500000.0,6.50223224
1508284800000.0,14499000.0,14789998.0,14112013.0,14112013.0,1.73670489
1508328000000.0,14112013.0,14768500.0,13800001.0,14200000.0,3.3599387
1508371200000.0,14488884.0,14488885.0,14101000.0,14102118.0,0.82252829
1508414400000.0,14486880.0,14999900.0,14001000.0,14352103.0,8.16458461
1508457600000.0,14353103.0,14741977.0,14001000.0,14050010.0,3.63963154
1508500800000.0,14051021.0,16600000.0,14051021.0,15801698.0,13.27837966
1508544000000.0,15801698.0,15820000.0,15301103.0,15301205.0,2.8080447
1508587200000.0,15350010.0,15884796.0,15350010.0,15570102.0,1.02435504
1508630400000.0,15880000.0,15880000.0,15570111.0,15880000.0,0.02220226
1508673600000.0,15880000.0,16000000.0,15571001.0,16000000.0,0.72443338
1508716800000.0,15999999.0,16100000.0,15611011.0,15650000.0,1.88038603
1508760000000.0,16099998.0,16199000.0,15650000.0,15800000.0,8.95235769
1508803200000.0,15801000.0,16196690.0,15571001.0,15571404.0,3.68613724
1508846400000.0,15571404.0,16000000.0,14900000.0,14911000.0,5.01162418
1508889600000.0,14912000.0,15674000.0,14800000.0,14800110.0,0.83233843
1508932800000.0,14801210.0,15815996.0,14800110.0,15720996.0,6.62175152
1508976000000.0,15200122.0,15815996.0,15200122.0,15750000.0,1.97986411
1509019200000.0,15750000.0,15951989.0,15360000.0,15504015.0,5.35605666
1509062400000.0,15525001.0,15897996.0,15506000.0,15523101.0,1.35507424
1509105600000.0,15523201.0,15835672.0,15523101.0,15559000.0,1.20909213
1509148800000.0,15559000.0,15825672.0,15559000.0,15825672.0,1.6503089
1509192000000.0,15559001.0,15825672.0,15559000.0,15564000.0,0.80832803
1509235200000.0,15564000.0,15810999.0,15564000.0,15564000.0,0.03771685
1509278400000.0,15570000.0,16115000.0,15570000.0,15901000.0,3.04681758
1509321600000.0,15950000.0,16115000.0,15721000.0,15721000.0,2.20517355
1509364800000.0,15721500.0,17800000.0,15000000.0,16001111.0,9.54356708
1509408000000.0,16498998.0,16597990.0,16002134.0,16400000.0,1.15127581
1509494400000.0,17740000.0,17999999.0,17000000.0,17000121.0,1.92861065
1509537600000.0,17000150.0,17878997.0,15700010.0,16201002.0,8.00783423
1509580800000.0,16201002.0,17399000.0,16201001.0,16260017.0,2.59288161
1509624000000.0,16260022.0,18548999.0,14800000.0,17869110.0,12.25788713
1509667200000.0,17869110.0,18446886.0,17869110.0,18445000.0,2.12364722
1509710400000.0,18110010.0,21300000.0,18110010.0,19692003.0,10.31777367
1509753600000.0,19692005.0,20898999.0,19692005.0,19890000.0,1.69052534
1509796800000.0,19890000.0,20770000.0,19890000.0,20349000.0,2.81535778
1509840000000.0,20000001.0,20349000.0,19922101.0,20349000.0,0.50194501
1509883200000.0,19923100.0,20999999.0,19611000.0,20799999.0,2.74035742
1509926400000.0,19907000.0,20789999.0,19901000.0,19901200.0,1.12586782
1509969600000.0,19901200.0,20789997.0,19901200.0,20100001.0,9.13676507
1510012800000.0,20755000.0,20755000.0,19957000.0,20700000.0,2.0769157
1510056000000.0,20550000.0,20788638.0,20003000.0,20182480.97,6.39531172
1510099200000.0,20182481.0,20779000.0,20181407.83,20778000.0,6.41665149
1510142400000.0,20778000.0,21318961.0,20000500.0,20715999.0,10.04235561
1510185600000.0,20010001.0,20700883.0,20000000.0,20001022.0,1.94024394
1510228800000.0,20001100.0,20582980.0,19000000.0,19100000.0,6.10698442
1510272000000.0,19100001.0,19888987.0,19000000.0,19000000.0,1.22917835
1510315200000.0,19000000.0,19866000.0,18700000.0,19839000.0,6.08812364
1510358400000.0,19182061.0,19838000.0,19182061.0,19202001.0,0.79710082
1510401600000.0,19202001.0,19837859.0,18810000.0,18834002.0,2.50203373
1510444800000.0,18834002.0,19709000.0,17300001.0,19400000.0,4.52331892
1510488000000.0,19399999.0,19709000.0,18000100.0,18264078.0,1.54824715
1510531200000.0,18300005.0,19598997.0,18300005.0,19549598.0,0.70737703
1510574400000.0,19549598.0,19800000.0,18551004.0,18700000.0,3.70560939
1510617600000.0,18700000.0,19699982.0,18502000.0,18600001.0,0.90070875
1510660800000.0,18600001.0,19249000.0,18001000.0,18111000.0,3.83734289
1510704000000.0,18978935.0,19849999.0,18131003.0,18720003.0,3.63388365
1510747200000.0,18741605.0,20999998.0,18741605.0,20540940.0,11.60446514
1510790400000.0,20530935.0,20794000.0,19900009.0,20794000.0,2.48270957
1510833600000.0,20202003.0,21799999.0,20012000.0,20900046.0,10.98818655
1510876800000.0,21724990.0,23000000.0,20900040.0,21210005.0,5.07229443
1510920000000.0,21890000.0,21890000.0,21211005.0,21396000.0,6.23762487
1510963200000.0,21718000.0,21719000.0,21000005.0,21150000.0,1.88605827
1511006400000.0,21152005.0,21753997.0,21151000.0,21690000.0,2.07190326
1511049600000.0,21360000.0,21690000.0,21151002.0,21251004.0,1.28113894
1511092800000.0,21251005.0,21690000.0,21100002.0,21375007.0,2.24096628
1511136000000.0,21390000.0,21679000.0,21380514.0,21392001.0,1.36245987
1511179200000.0,21678997.0,22580000.0,20825000.0,21801002.0,8.75472375
1511222400000.0,22431996.0,22969000.0,21801001.0,22041019.1,2.44680493
1511265600000.0,22100000.0,23100000.0,21800002.0,22539990.0,8.64989964
1511308800000.0,21807001.0,23060898.0,21780000.0,22289000.01,2.89403192
1511352000000.0,22650000.0,23000000.0,22290000.0,22402000.0,4.00092115
1511395200000.0,22405000.0,22667000.0,21811100.0,21815010.0,1.87607013
1511438400000.0,21825000.0,22575099.0,21572008.0,21803004.0,5.77759378
1511481600000.0,21803004.0,22348900.0,21572008.0,21964389.81,3.20906527
1511524800000.0,22334000.0,22650000.0,21970501.0,22150000.0,2.88053787
1511568000000.0,22150000.0,22650000.0,22150000.0,22650000.0,2.63898435
1511611200000.0,22400000.0,24000000.0,22400000.0,23611527.0,3.69394898
1511654400000.0,23612004.0,24500000.0,23516222.61,23900002.0,5.24560329
1511697600000.0,24450000.0,25999998.0,23933115.0,25736000.0,3.56157827
1511740800000.0,24871746.15,25994000.0,24871746.15,25463831.85,2.57004182
1511784000000.0,25572526.45,26713000.0,25550000.0,26699900.0,8.40253441
1511827200000.0,26199999.0,29500000.0,26156548.98,27001001.0,3.9092538
1511870400000.0,27500000.0,29299900.0,26344344.62,27576000.01,7.88742551
1511913600000.0,28658988.0,28658988.0,21400000.0,28249979.0,8.11696184
1511956800000.0,28249979.0,29300000.0,22000000.0,28140000.0,12.86984639
1512000000000.0,27500003.0,28350000.0,27300000.0,28330875.0,2.23076387
1512086400000.0,28500000.0,29061776.0,28160001.0,28888880.0,2.04294074
1512129600000.0,28887880.0,29899999.0,28330000.0,29819000.0,7.10632027
1512172800000.0,29572686.54,32000000.0,29281900.0,31665120.28,5.89975818
1512216000000.0,31665140.0,33446907.09,30000001.0,32400000.0,4.09839286
1512259200000.0,32400000.0,32934997.0,31700000.0,32849999.0,1.9034031
1512302400000.0,32849999.0,35000000.0,32381000.0,34058764.0,5.12889827
1512345600000.0,32639877.0,34600000.0,32639877.0,34499000.0,3.1113953
1512388800000.0,33664986.0,34498987.0,31001001.0,33167231.3,10.39279587
1512432000000.0,33167231.3,33484000.0,31001001.0,32958997.0,2.8610734
1512475200000.0,32948992.0,32958994.0,30502002.0,32880000.0,7.30365019
1512518400000.0,32880000.0,34248600.0,31901001.0,34248500.0,3.31254214
1512561600000.0,33500003.0,37500000.0,33302333.0,37401001.0,11.32699295
1512604800000.0,37500000.0,43000000.0,36600001.0,42448998.0,4.62879501
1512648000000.0,40450000.0,51000000.0,37410000.0,50500000.0,13.11757102
1512691200000.0,50349999.0,50350000.0,37501000.1,42377432.0,6.12550629
1512734400000.0,44800000.0,48530499.0,42000000.0,45730000.0,5.00991639
1512777600000.0,45729000.0,45730000.0,43610000.0,45689996.0,0.9531207
1512820800000.0,43646000.0,45680000.0,35000000.0,42100000.0,5.0984115
1512864000000.0,40000000.0,42490000.0,38000000.0,42099000.0,3.7787035
1512907200000.0,42098000.0,46500000.0,41000101.0,46349990.0,2.27802798
1512950400000.0,46349979.0,46379989.0,39200005.0,44120000.0,2.75604217
1512993600000.0,46379986.0,46379986.0,42100000.0,45286955.0,5.07648105
1513036800000.0,45286953.0,45499999.0,42521000.0,45494900.0,3.43682454
1513080000000.0,43000000.0,46358999.0,42600000.0,46347000.0,6.25003039
1513123200000.0,46345990.0,46999998.0,44000000.0,44050006.1,2.95245376
1513166400000.0,46096553.0,47999997.0,44100000.1,47610000.0,8.79447614
1513209600000.0,47610000.0,47974999.0,46888888.1,47469760.61,2.67883758
1513252800000.0,47471363.01,47967886.0,45603000.0,47400000.0,5.70237973
1513296000000.0,47395000.0,47696850.0,45700000.0,47696850.0,2.35598888
1513339200000.0,47696849.0,48799997.0,46200000.0,47661001.0,5.62933411
1513382400000.0,48300000.0,48598998.0,47650002.0,48598998.0,1.20345318
1513425600000.0,48400006.0,55000000.0,48400000.0,54400000.0,4.12748037
1513468800000.0,54497000.0,54497000.0,51200020.0,51252704.0,1.75630365
1513512000000.0,51253009.0,53499999.0,47650002.0,50500000.0,2.42829256
1513555200000.0,50500000.0,51067000.0,47650002.0,50959000.0,1.48786275
1513598400000.0,48350000.0,50958990.0,47629001.0,49699996.0,6.03421942
1513641600000.0,49500000.0,50939999.0,48320001.0,49600002.0,2.175437
1513684800000.0,49600002.0,50899999.0,47400000.0,49750000.0,6.69622656
1513728000000.0,48100000.0,49800000.0,47000100.0,49798998.0,1.98852156
1513771200000.0,48000002.0,50400000.0,48000001.1,48701000.0,6.72325698
1513814400000.0,48701001.0,49869899.0,48000002.0,48000002.0,3.05436766
1513857600000.0,48000002.0,48900000.0,43010000.0,44800005.99,6.66731148
1513900800000.0,45736900.0,45799000.0,36044589.89,40400000.0,5.13798207
1513944000000.0,40400000.0,45699941.0,31001011.0,44212790.0,15.94106209
1513987200000.0,45698941.0,55000000.0,44220903.0,45927551.72,3.55256521
1514030400000.0,45927551.72,53999990.0,45727200.0,47500001.0,4.6097314
1514073600000.0,49489998.0,49489998.0,45500001.0,48849999.0,0.55396883
1514116800000.0,45500300.0,46500000.0,43002000.0,44999997.0,2.43766671
1514160000000.0,44999997.0,45000000.0,43102001.0,45000000.0,0.34117408
1514203200000.0,45000000.0,49000000.0,44000005.99,44321012.0,0.98194492
1514246400000.0,44321013.0,47395799.0,43500000.0,45356803.0,0.58972781
1514289600000.0,45356803.0,50000000.0,43700000.0,47011300.0,5.50315425
1514332800000.0,47102005.0,49395000.0,47011300.0,48000000.0,2.07336788
1514376000000.0,48000000.0,49299730.0,43800000.0,46789890.0,3.76658459
1514419200000.0,45853000.0,47500000.0,43250000.0,43809646.28,3.68943473
1514462400000.0,43250000.1,46199988.0,40501000.0,43000000.0,5.07872554
1514505600000.0,42521001.0,45500000.0,42000005.0,43771276.05,3.17671124
1514548800000.0,42600000.0,44999999.0,42000000.0,43002001.0,2.86149008
1514592000000.0,44979999.0,44979999.0,40914642.0,43299996.0,1.68517326
1514635200000.0,43299996.0,44489950.0,37000020.0,38900000.0,4.40161762
1514678400000.0,38900000.0,42851900.0,38900000.0,42851848.0,0.91892217
1514764800000.0,41488614.0,42250000.0,40001589.0,42250000.0,0.19199832
1514808000000.0,41000000.0,41800000.0,40002022.0,40481000.0,0.58700931
1514851200000.0,41000000.0,41499990.0,40100001.0,40103009.0,0.68250421
1514894400000.0,41480000.0,44499990.0,39571328.49,43999999.0,8.55724661
1514937600000.0,43010012.0,44000000.0,42239216.63,42542390.74,2.72177597
1514980800000.0,42790887.51,44000000.0,42270400.0,43750000.0,5.29996915
1515024000000.0,43798897.0,44500000.0,42607003.0,43000000.0,3.42899181
1515067200000.0,43459151.26,44240000.0,41015478.44,42942144.16,5.13676071
1515110400000.0,43649937.0,45500000.0,42760001.0,45285000.0,4.00888255
1515153600000.0,45285000.0,48960001.02,44750401.25,48899999.0,10.36319992
1515196800000.0,48300000.0,49259996.0,44000000.0,47131164.29,3.69616891
1515240000000.0,47131164.29,47131164.29,44001501.0,45800000.0,1.63182998
1515283200000.0,45600000.0,45800000.0,44002000.0,44002000.0,0.59668403
1515326400000.0,44002002.0,45648999.0,43120500.0,43120500.0,1.17925823
1515369600000.0,43120500.0,44199987.0,41500000.0,42000000.0,1.43439439
1515412800000.0,42001180.0,43494000.0,40000000.0,41200014.0,3.02384966
1515456000000.0,42149999.0,42149999.0,40511001.0,40511001.0,0.81623152
1515499200000.0,40511001.0,44499999.0,39990000.0,41249159.04,6.25487555
1515542400000.0,42099018.0,44320000.0,40000000.0,42300000.0,2.54530681
1515585600000.0,40175000.0,46799894.0,40175000.0,43000116.0,9.07675109
1515628800000.0,43012118.0,44998999.0,40000000.0,42699000.0,4.30879534
1515672000000.0,40000011.0,42999999.0,40000011.0,41369998.0,6.62425558
1515715200000.0,41369900.0,41750000.0,39000000.0,39701906.0,4.20835471
1515758400000.0,39308001.0,41749998.0,39131617.04,40500003.0,2.87266384
1515801600000.0,41279999.0,42068969.0,41100001.0,41650738.82,0.62358508
1515844800000.0,41250007.0,43420000.0,41250007.0,42370010.0,3.5057979
1515888000000.0,42370011.0,43419000.0,42370003.0,42370003.0,0.44527709
1515931200000.0,42141334.67,43241000.0,40100000.0,41150000.0,1.43461005
1515974400000.0,41150000.0,41999999.0,40300001.0,40300001.0,0.52140247
1516017600000.0,41999980.0,41999980.0,40100000.0,40200000.0,7.50516579
1516060800000.0,40500000.0,40500000.0,37500000.0,37500000.0,3.06331129
1516104000000.0,40289993.0,40289993.0,27998403.07,32941265.66,21.94864945
1516147200000.0,32008401.0,34989970.0,29500000.0,30165609.84,5.08699761
1516190400000.0,30165610.0,39800000.0,20000001.0,35000000.0,20.09048012
1516233600000.0,34020015.0,41000000.0,34000000.0,39000000.0,4.83083842
1516276800000.0,39000000.0,41000000.0,37500000.0,38400000.0,8.51199598
1516320000000.0,39237000.0,39237000.0,35010000.0,37900000.0,4.97743701
1516363200000.0,36122021.0,38989987.0,34000000.0,34621006.0,5.35061952
1516406400000.0,35000000.0,38100000.0,34900000.0,36649026.46,2.88788246
1516449600000.0,35944549.83,38891800.0,35350002.0,37023200.0,3.1320032
1516492800000.0,37023201.0,38879992.0,36000000.0,36000000.0,1.48977474
1516536000000.0,37600008.0,37899998.0,35300000.0,36398990.0,2.44141942
1516579200000.0,36398950.0,36398994.0,35300000.0,35300005.0,0.21609289
1516622400000.0,35300005.0,36389998.0,29199575.47,32000001.0,7.57677682
1516665600000.0,33856699.0,33856700.0,30200999.0,30200999.0,2.18707727
1516708800000.0,30201000.0,33278799.0,30200099.0,32000000.0,5.95727403
1516752000000.0,32000000.0,32799987.0,31500002.0,32001001.0,0.63482719
1516795200000.0,32200000.0,35000000.0,32001003.0,32100001.0,4.90069722
1516838400000.0,32829899.0,35788310.0,32100101.0,35788310.0,3.94873351
1516881600000.0,33105900.0,33578716.11,31800000.0,32158804.64,4.52437697
1516924800000.0,32000000.0,32716999.0,30300000.0,32715999.0,1.9262538
1516968000000.0,30350003.0,32999996.0,30310304.0,31750000.0,4.91912744
1517011200000.0,31436773.65,32566390.29,31112288.5,32566390.29,1.1522489
1517054400000.0,32271675.56,32600000.0,31199700.0,32229879.36,3.38017753
1517097600000.0,32229879.36,33847800.0,32086498.52,33465060.39,3.69823303
1517140800000.0,33465060.39,33995000.0,33260688.46,33661850.54,3.16867111
1517184000000.0,33651141.83,33992734.39,32125000.0,32125000.0,2.39974585
1517227200000.0,32314037.63,32900000.0,31701413.15,32348650.0,4.76015401
1517270400000.0,32348650.0,32398998.0,31018227.63,31970776.84,3.53127151
1517313600000.0,31970776.84,32000600.0,29000000.0,29703584.63,8.25422066
1517356800000.0,29702187.57,29704040.82,28500000.0,28782000.0,1.33271804
1517443200000.0,31739785.0,31739785.0,28550000.0,28550000.0,1.91441416
1517486400000.0,28550000.0,31000000.0,24414320.83,27450002.0,12.26442997
1517529600000.0,28851488.0,29598879.0,22700304.0,22700304.0,4.53801389
1517572800000.0,24000000.0,28145322.0,18500001.0,25100003.0,11.16877793
1517616000000.0,25100003.0,26246980.0,24700019.0,26149995.0,1.78063959
1517659200000.0,26149996.0,28965980.0,25386576.0,26327004.0,5.15035063
1517702400000.0,27299985.0,27699987.0,26327008.0,27679986.0,0.45692096
1517745600000.0,27649989.0,27649989.0,24800001.0,26300000.0,3.43954751
1517788800000.0,26492890.0,26492890.0,22000002.0,22000002.0,3.93932937
1517832000000.0,22000011.0,23840000.0,18000000.0,20167919.0,19.48626239
1517875200000.0,19020007.0,20155889.0,16201000.0,18100003.0,7.73978348
1517918400000.0,18509567.0,23498900.0,17000001.0,22000000.0,11.27431159
1517961600000.0,22000000.0,23450000.0,20601607.0,22789999.0,5.05268115
1518004800000.0,22789998.0,25366000.0,21300001.0,23463083.0,9.79290259
1518048000000.0,23463066.0,25098000.0,22200001.0,23870762.45,3.55618262
1518091200000.0,24100001.0,24775989.0,23250001.0,24359995.0,5.25227676
1518134400000.0,24359995.0,24560000.0,23500001.0,24560000.0,2.39881913
1518177600000.0,24399829.0,25200000.0,23750000.0,24646138.0,13.31832809
1518220800000.0,24000001.0,26000000.0,24000001.0,25000001.0,2.53297885
1518264000000.0,25000001.0,25700000.0,23289280.0,25429974.0,7.10899073
1518307200000.0,25429974.0,25429975.0,23000000.0,23666667.0,1.48847508
1518350400000.0,23250001.0,24999999.0,23001198.0,24899998.0,1.48309645
1518393600000.0,24199001.0,24799997.0,23601461.0,23753000.0,0.95042952
1518436800000.0,24649987.0,25449999.0,23753000.0,24449998.0,7.05837371
1518480000000.0,24050004.0,26000000.0,24000002.0,24050100.0,3.78404308
1518523200000.0,24599999.0,24600000.0,23780062.0,23780062.0,3.55059223
1518566400000.0,23780063.0,24398997.0,23700000.0,23701002.0,2.04370754
1518609600000.0,24289899.0,25500000.0,21800002.0,25107900.0,8.60698335
1518652800000.0,25103000.0,26441000.0,25100000.0,26440999.0,4.32416112
1518696000000.0,25508810.0,29090973.66,25508810.0,27550500.0,13.2968011
1518739200000.0,27570000.0,28350000.0,26500000.0,26500000.0,3.65605745
1518782400000.0,27000000.0,28400000.0,27000000.0,27950000.0,5.15224339
1518825600000.0,27750500.0,29999999.0,27750500.0,29115000.0,1.84933024
1518868800000.0,29280001.0,30400000.0,29200100.0,30050000.0,3.95467288
1518912000000.0,30400000.0,31498057.0,29500000.0,29750004.0,2.38768182
1518955200000.0,29750500.0,30738999.0,29400000.0,29400000.0,1.90770863
1518998400000.0,29400002.0,31999997.0,29041000.0,31599999.0,2.86741249
1519041600000.0,31496999.0,31496999.0,28910000.0,29568800.0,4.27287016
1519084800000.0,29567991.0,30699999.0,28910002.0,29557003.0,1.44144489
1519128000000.0,29999996.0,30588998.0,28000008.0,29150000.0,3.83077806
1519171200000.0,29151000.0,29699948.0,26001001.0,26702501.0,2.18980474
1519214400000.0,26800001.0,28249895.0,25000000.0,26000000.0,2.64384418
1519257600000.0,26110000.0,27199000.0,26000000.0,26000000.0,0.87665587
1519300800000.0,26000000.0,26479999.0,22000002.0,24500002.0,6.98493835
1519344000000.0,25879999.0,28500000.0,24500000.0,28500000.0,1.49052812
1519387200000.0,25500001.0,28499999.0,25500001.0,26100000.0,4.79489464
1519430400000.0,26100000.0,27563996.0,26002006.0,26740000.0,0.6346854
1519473600000.0,26740000.0,27558994.0,26100502.0,26989973.0,0.73447539
1519516800000.0,26100502.0,27999994.0,25800000.0,27999994.0,0.97663302
1519560000000.0,27599999.0,27599999.0,25801000.0,25820000.0,0.30400451
1519603200000.0,25820000.0,26828895.0,25300001.0,26800000.0,0.61798657
1519646400000.0,25650003.0,28500000.0,25650002.0,27442993.0,6.53373003
1519689600000.0,27442900.0,28000000.0,26760150.0,27799999.0,2.13746014
1519732800000.0,27797999.0,27900000.0,27000500.0,27151302.0,5.27462103
1519776000000.0,27151302.0,27698000.0,27050100.0,27698000.0,0.53692298
1519862400000.0,27100000.0,27289995.0,26000000.0,27289994.0,0.78877299
1519891200000.0,26003010.0,27449999.0,26003005.0,27200000.0,2.05341947
1519920000000.0,27400000.0,27680000.0,26652000.0,27200000.0,4.34410002
1519948800000.0,27200000.0,27550000.0,27200000.0,27200000.0,0.51213292
1519977600000.0,27200000.0,27650000.0,26852000.0,27081003.0,1.74372478
1520006400000.0,27649949.0,29000000.0,27120001.0,27500000.0,4.77287713
1520035200000.0,28491999.0,29800000.0,27500000.0,28600000.0,2.26630204
1520064000000.0,28600000.0,29798977.0,28100000.0,28100000.0,2.62389693
1520092800000.0,28100001.0,29401000.0,28100001.0,28200040.0,0.72780327
1520121600000.0,28300000.0,28889795.0,28000100.0,28000101.0,0.6298678
1520150400000.0,28000121.0,28500000.0,28000120.0,28010000.0,0.41195028
1520179200000.0,28010001.0,28879987.0,28000100.0,28055001.0,0.77733281
1520208000000.0,28055100.0,28819995.0,28001001.0,28002481.0,0.86952143
1520236800000.0,28002482.0,29091992.0,28002480.0,28657300.9,3.13739002
1520265600000.0,29091991.0,29790989.0,28500000.0,29349999.0,4.71020393
1520294400000.0,29005003.0,29349999.0,28000002.0,28000002.0,1.63371524
1520323200000.0,28000002.0,28999799.0,27500000.0,28588958.0,1.24777305
1520352000000.0,28588958.0,28588958.0,27575000.0,28399997.0,2.51981805
1520380800000.0,27652000.0,28399996.0,27008508.0,27008508.0,1.21897215
1520409600000.0,28399849.0,28399849.0,27008508.0,27600102.0,0.91498017
1520438400000.0,27600132.0,27999800.0,26000000.0,27226499.0,3.54541066
1520467200000.0,26900000.0,28000000.0,26421251.0,27569888.0,1.56611077
1520496000000.0,27569984.0,27569984.0,26645873.0,26738861.0,0.81262439
1520524800000.0,27569799.0,27999438.0,26100000.0,26100000.0,3.59164809
1520553600000.0,26100000.0,26599700.0,24000000.0,24873999.0,2.34270875
1520582400000.0,24800000.0,25019998.0,23001311.0,25019998.0,1.13394204
1520611200000.0,25019997.0,26367000.0,24100001.0,25099999.0,2.48471675
1520640000000.0,25100045.0,25798000.0,25099999.0,25300001.0,0.8271917
1520668800000.0,25797993.0,25797993.0,25350007.0,25500000.0,0.11942151
1520697600000.0,25794999.0,25795000.0,24500669.0,24500700.0,1.21622514
1520726400000.0,24500701.0,25499900.0,24300666.0,25499900.0,0.12580969
1520755200000.0,24300700.0,25499990.0,24300700.0,24300707.0,0.35507233
1520784000000.0,25499987.0,25796997.0,24900001.0,25796997.0,0.21422111
1520812800000.0,25400000.0,25400000.0,25400000.0,25400000.0,0.053496
